file,PRODUCT_ID,alt_spice,alt_label,cenlat_spice,cenlat_label,cenlon_spice,cenlon_label,em_spice,em_label,in_spice,in_label,range_km,c1_lat,c1_lon,c2_lat,c2_lon,c3_lat,c3_lon,c4_lat,c4_lon,cenlat_mid,cenlon_mid,em_mid
n01_15km/n01a.map,JIR_IMG_RDR_2017033T114006_V02,115349.85725810246,115378.0,83.14664002484092,83.1502,305.7363820337901,305.733,16.52945562716228,16.5375,94.60530507026027,94.6048,117264.5830430749,83.18197792089416,352.96602849942445,80.5551474288664,339.88567127219966,79.80359211468166,276.4705183074571,82.16388146263671,262.5606434417126,57.65868401627346,132.88040339699444,66.23030198890648
n01_15km/n01b.map,JIR_IMG_RDR_2017033T114036_V02,114502.40623789058,114530.0,84.62307349280046,84.6256,303.78824095133416,303.785,18.333940907010685,18.3406,94.29914968821353,94.2988,116855.18007630197,84.23855006313144,2.4333548201870143,81.84272375301208,344.3443434694688,80.98861604685952,270.85386681489604,83.06903432378041,252.9145386728012,53.863103022219484,132.42793517444656,70.31858070230996
n01_15km/n01c.map,JIR_IMG_RDR_2017033T114107_V02,113654.23696624124,113681.0,86.1396132329802,86.1415,300.47447145464264,300.469,20.202871659145263,20.2087,93.98126846700808,93.981,116507.92115903957,85.0774049928212,16.2441407004966,83.08628031943186,350.78701381514077,82.10221559372366,263.45026380413884,83.75413460359111,240.4242223026567,48.837610109259714,131.96722802461355,75.6828913715474
n01_15km/n01d.map,JIR_IMG_RDR_2017033T114137_V02,112805.46602413132,112831.0,87.59712797871272,87.5983,293.58917275370754,293.58,22.015197914713795,22.0201,93.66942764682955,93.6692,116190.19297132945,85.51007847864467,33.76738456053839,84.16697779734187,359.71562789301106,83.03427606206591,254.1689394313383,84.09381250507887,226.09848658405434,40.43070592325823,131.4674357060894,84.53174908331012
n01_15km/n01e.map,JIR_IMG_RDR_2017033T114208_V02,111956.0434756127,111981.0,88.94026541176994,88.9404,268.4571488091833,268.449,23.835280424873826,23.8388,93.35418980419256,93.3542,115919.10070751038,85.44378041243039,52.94897674809257,85.03334530922862,12.402814834762825,83.74724694758426,242.43027009484425,84.04695385145212,210.94177375717288,nan,nan,nan
n01_15km/n01f.map,JIR_IMG_RDR_2017033T114238_V02,111105.97517412322,111130.0,88.98111451172628,88.9814,174.2268406038675,174.245,25.665244631881738,25.6678,93.03533441667898,93.0354,115695.90780879604,84.8856862918657,69.83377744227768,85.55159054675748,29.365340713541784,84.15500205401196,228.36710998651216,83.61193085757021,196.79834593787805,nan,nan,nan
n01_15km/n01g.map,JIR_IMG_RDR_2017033T114309_V02,110255.2951144983,110279.0,87.64918837855329,87.6508,147.366060601397,147.378,27.475137770208235,27.4761,92.71672845654717,92.717,115509.69095481694,83.97399482027888,82.36712663755041,85.5909115568438,48.441149836329835,84.189590556051,213.3516821319905,82.86315192197627,185.04239511572752,nan,nan,nan
n01_15km/n01h.map,JIR_IMG_RDR_2017033T114339_V02,109403.95388857978,109427.0,86.14518627646588,86.1476,140.09587758563845,140.102,29.330752202661806,29.3307,92.38850610662948,92.3889,115385.97103886493,82.80715049132962,91.38405433897742,85.12922700593126,66.19475787142028,83.83591469650995,198.78670726736172,81.85525773295254,175.54161482695298,nan,nan,nan
n01_15km/n01i.map,JIR_IMG_RDR_2017033T114410_V02,108551.98596568682,108574.0,84.598867521461,84.602,136.7263424827958,136.731,31.202742048346934,31.2017,92.05502765511626,92.0555,115315.36233235714,81.48340881728515,97.73261747810739,84.2725238844867,79.81280660762954,83.14201121853809,186.3282999446687,80.66633697358783,168.13151187813594,nan,nan,nan
n01_15km/n01j.map,JIR_IMG_RDR_2017033T114440_V02,107699.42617151445,107721.0,83.04710069061184,83.0516,134.72475305099223,134.729,33.06196154822546,33.0591,91.72096591327298,91.7217,115285.49635569571,80.07387136822602,102.2319298549313,83.1743184694419,89.34144379521346,82.20353166227379,176.4882969525313,79.3646576837519,162.39857760490077,nan,nan,nan
n01_15km/n01k.map,JIR_IMG_RDR_2017033T114511_V02,106846.2817098537,106867.0,81.49302747328522,81.4984,133.3421634370395,133.345,34.91020408588229,34.9063,91.38600714023988,91.3869,115296.16008548945,78.60806539677935,105.50931668968606,81.93489238152348,95.96707068316705,81.09955661971574,168.88179178469568,77.98465570647107,157.88205383403363,nan,nan,nan
n01_15km/n01l.map,JIR_IMG_RDR_2017033T114541_V02,105992.50408207352,106012.0,79.88661961749422,79.8931,132.27144374604393,132.274,36.817025893228724,36.8117,91.03906231875384,91.0402,115382.5226886354,77.05154689611877,108.02976610642465,80.56720822528673,100.79901345808433,79.84421655651734,162.82769165427354,76.49880791241974,154.1569601579031,nan,nan,nan
n02_15km/n02a.map,JIR_IMG_RDR_2017033T114813_V02,101746.55434817204,101763.0,83.50413795964741,83.4959,300.6691395098278,300.677,11.416923062289717,11.4079,94.51565880922432,94.5176,102613.14469953973,83.65556627894219,344.2228198623319,81.33041735868386,333.05900751218024,80.63158336446324,272.9334521164661,82.72387042570739,260.6531857304477,67.4481546171151,128.49050702183766,51.78660492934
n02_15km/n02b.map,JIR_IMG_RDR_2017033T114843_V02,100889.22632452137,100905.0,84.95986807122817,84.9509,298.58666740229165,298.601,13.238838156594674,13.2288,94.21347236968425,94.2155,102052.03013436114,84.76530961268965,353.5462416669477,82.6327146431128,337.5975438406786,81.82849665329267,267.0603176968896,83.67540545974794,250.83886177792238,65.21177564164488,128.01590985983793,54.35688987753647
n02_15km/n02c.map,JIR_IMG_RDR_2017033T114914_V02,100031.40952329722,100046.0,86.36985130774752,86.3786,295.18715764858,295.16,15.003093839580213,15.0203,93.91749917881187,93.9158,101521.63242112932,85.6344512652447,6.9702381433570535,83.82784385649133,343.93477244989305,82.89442187950921,259.59610337576163,84.38125509932588,238.4846148360039,62.91042748174661,127.56442046670831,56.97826879014047
n02_15km/n02d.map,JIR_IMG_RDR_2017033T114944_V02,99173.00153150827,99187.3,87.79154515355785,87.7994,287.6253389006992,287.558,16.822706176671034,16.8389,93.61233159446827,93.6107,101042.8150271836,86.1520085964511,26.07702663827801,84.92337740270064,353.56809114983474,83.82976849810713,249.53342057610652,84.78057139362157,223.0945617974804,60.354643162950715,127.12237498728038,59.8762471734824
n02_15km/n02e.map,JIR_IMG_RDR_2017033T115015_V02,98314.15342739233,98327.8,89.0269038716678,89.0321,260.3637243020077,260.052,18.558709437736503,18.5737,93.31696915813906,93.3154,100585.08630465828,86.14761471202772,47.058915429499336,85.76143670385252,7.266119762481697,84.50689359480091,237.0505195718242,84.78446510349278,207.1118215786324,57.69984537097184,126.69617569218818,62.85414182024263
n02_15km/n02f.map,JIR_IMG_RDR_2017033T115045_V02,97454.73531408152,97467.7,88.96879719811129,88.9637,167.18289989376117,166.929,20.354475543889826,20.3687,93.01139036284783,93.0099,100181.0276406021,85.62466283293716,65.96189296878913,86.24481761124353,26.635253648733432,84.8792700261785,221.59226099371233,84.39346945303119,191.77898801104686,54.633135957392476,126.2721658707298,66.2728823531202
n02_15km/n02g.map,JIR_IMG_RDR_2017033T115116_V02,96594.8146681977,96607.1,87.67164591567563,87.6659,142.1171859193825,142.073,22.15411526686077,22.1671,92.70342612564656,92.7021,99818.3159872022,84.72557325205277,79.61042601344516,86.19912926646742,48.43028591038175,84.85379137045673,205.05346572830598,83.67206609608223,179.08380679581987,51.06937998800834,125.85075742489948,70.20756300984276
n02_15km/n02h.map,JIR_IMG_RDR_2017033T115146_V02,95734.43131994292,95746.1,86.26727292270044,86.2617,135.22090809168753,135.205,23.931342306634118,23.9438,92.39682134084022,92.3955,99488.75317842851,83.6169048534693,88.7346004931982,85.64785792116135,66.86562186698825,84.44130159283624,189.97948598386145,82.72638662684274,169.33656980569666,46.69832531975184,125.42729051414511,74.97678810752971
n02_15km/n02i.map,JIR_IMG_RDR_2017033T115217_V02,94873.62558766444,94884.7,84.87105664679795,84.8664,131.9927196444271,131.986,25.659063818491532,25.6701,92.09580859684039,92.0946,99181.42470315985,82.41253139261067,94.82937016597243,84.77292428224355,79.75620215807002,83.73804984143506,177.86007309061046,81.65251930342355,162.0375791450982,40.33030069200326,124.9844615381257,81.82248483901748
n02_15km/n02j.map,JIR_IMG_RDR_2017033T115247_V02,94012.26889263891,94022.7,83.40015070693654,83.3961,129.95394859978683,129.95,27.48234722261268,27.4925,91.77926511215117,91.7782,98945.45734974711,81.0724330645157,99.29873483321929,83.64965261711265,88.83751461361442,82.77795126984893,168.08938294182767,80.4201832415839,156.18096268375007,nan,nan,nan
n02_15km/n02k.map,JIR_IMG_RDR_2017033T115318_V02,93150.51530752119,93160.4,81.95238330883704,81.9488,128.56150360258079,128.559,29.260392762585724,29.2698,91.46726996747657,91.4663,98733.007988259,79.70930143562126,102.44336234497761,82.43252099546034,94.86313366246199,81.69080161213502,160.80942700781674,79.14023863762975,151.68784787512865,nan,nan,nan
n02_15km/n02l.map,JIR_IMG_RDR_2017033T115348_V02,92288.29356127333,92297.6,80.46895376300293,80.4661,127.48422041746257,127.483,31.082107190286795,31.0904,91.14689384029984,91.146,98577.34372725872,78.28036402896748,104.81539544092507,81.1195614123863,99.15743939244288,80.48209704227573,155.11841726960148,77.77874423502024,148.0302024191715,nan,nan,nan
n03_15km/n03a.map,JIR_IMG_RDR_2017033T115620_V02,88008.68060937287,88015.2,83.51482936907635,83.5141,295.91503273869944,295.916,3.9893644104103183,3.9923,94.49835744172091,94.4987,88107.60650118408,83.81819409648521,333.2999774631718,81.76192793231571,324.8958294835753,81.14359834895531,270.8423045050214,83.01407988805,260.97987478143574,74.45594715171066,124.3187613508883,38.06012750593043
n03_15km/n03b.map,JIR_IMG_RDR_2017033T115650_V02,87143.94682473809,87150.0,85.00071979681451,84.9992,293.83265309191074,293.835,5.896132176005655,5.8979,94.18956585365459,94.1901,87359.34614867289,85.05123165341467,341.7178241051276,83.1388469078537,329.2205143690494,82.41645741257838,264.9092337505681,84.08750224586379,251.40548133618313,72.71626234464796,123.75172297029044,40.20762923378807
n03_15km/n03c.map,JIR_IMG_RDR_2017033T115721_V02,86278.90944007444,86284.4,86.45394536760618,86.452,290.33673786037195,290.343,7.76885759740941,7.7701,93.88403500775657,93.8846,86651.59838353208,86.08275068483937,355.07067021716415,84.4258409463775,335.66943182537875,83.56754615915582,256.96926503259294,84.93085308577432,238.46458054715907,70.95622484294712,123.22863063362696,42.36794829261761
n03_15km/n03d.map,JIR_IMG_RDR_2017033T115751_V02,85413.55800400233,85418.6,87.87398098887311,87.8715,282.5599142886619,282.582,9.634037801344952,9.6343,93.57849647891622,93.5791,85984.71556569172,86.75235890576488,15.793337222388855,85.58229469266455,345.8509452279474,84.55036143839251,246.0634332070943,85.44051091232511,221.73879935431793,69.14730830338185,122.73687111053282,44.57928822222559
n03_15km/n03e.map,JIR_IMG_RDR_2017033T115822_V02,84547.88268648222,84552.5,89.13719152090425,89.1352,249.7333169776674,249.895,11.518143973751094,11.5177,93.26977788546256,93.2704,85361.51258317244,86.8275349237344,42.01145401504543,86.49677547559857,2.499066145885364,85.2732444149953,231.1680658553622,85.50483115567212,202.69523675135872,67.25579324625285,122.26789242955866,46.885193641275066
n03_15km/n03f.map,JIR_IMG_RDR_2017033T115852_V02,83681.98778544215,83686.1,88.88431547435509,88.8874,157.1331987242853,157.254,13.346621794772865,13.345,92.967082449315,92.9679,84770.74272574473,86.28510727418656,64.10885637526809,86.93056533480286,26.357153597073193,85.59743889642263,213.16512020273487,85.11672916733626,185.36089205718378,65.34657309001724,121.82135116535949,49.192960524075815
n03_15km/n03g.map,JIR_IMG_RDR_2017033T115923_V02,82815.86487500233,82819.6,87.59326952155484,87.5974,136.11437731360238,136.143,15.147695628518168,15.1455,92.66706685833806,92.6679,84213.58807429318,85.35488706942631,78.69630979700398,86.73192938656766,51.698826887828254,85.46778847787895,194.63673469820412,84.38442447788765,171.66686198160164,63.3845459857994,121.3915399022815,51.54827080493557
n03_15km/n03h.map,JIR_IMG_RDR_2017033T115953_V02,81949.47780645096,81952.8,86.19627690359509,86.2013,129.79466624666665,129.808,16.97281154903535,16.9695,92.36302594512017,92.364,83698.57666808144,84.20600000791076,87.95804863091148,85.99394028685806,70.91349044855721,84.91903567332977,178.48308417334795,83.40853255022087,161.38919250202076,61.298581237169465,120.9718931977154,54.04198799491254
n03_15km/n03i.map,JIR_IMG_RDR_2017033T120024_V02,81082.84792109931,81085.8,84.76504878973603,84.7705,126.69428230177165,126.702,18.823759471210565,18.8198,92.05441372934943,92.0554,83227.43276104888,82.93332420242747,93.97771935593106,84.93626939475405,83.15584408052429,84.05695183221053,166.0550698537401,82.27095008363483,153.78189599129823,59.05945446423629,120.55968425531961,56.70482214138618
n03_15km/n03j.map,JIR_IMG_RDR_2017033T120054_V02,80216.08254905934,80218.7,83.35658733350286,83.3628,124.82102646434764,124.826,20.62601834957814,20.6211,91.75116857586902,91.7523,82782.92470343363,81.6272903738066,97.9494981242225,83.74896228342301,90.66972930008377,83.02344933942241,157.1496992234905,81.0650511472422,148.20889187116302,56.730138018274545,120.15781044064839,59.44680235003423
n03_15km/n03k.map,JIR_IMG_RDR_2017033T120125_V02,79349.17625634809,79351.4,81.95817832142181,81.9652,123.50062114374279,123.505,22.406351368292462,22.4002,91.44943711970646,91.4507,82368.94474648061,80.2976605062071,100.71995263756837,82.49551591964571,95.56227295252319,81.88622591465882,150.62736954959036,79.81187201348907,143.94804609563968,54.242651068097054,119.76168286292791,62.347909534233345
n03_15km/n03l.map,JIR_IMG_RDR_2017033T120155_V02,78482.09599322236,78484.0,80.53818118520329,80.5456,122.47188707007487,122.475,24.218023364090108,24.2112,91.1425329602195,91.1438,81999.53466181351,78.92463546953857,102.76172320628596,81.18040878327352,98.96946208443656,80.66035848532306,145.63571060506882,78.49926922737582,140.53441765568815,51.44964928345715,119.36784121537364,65.57958717877763
n04_15km/n04a.map,JIR_IMG_RDR_2017033T120426_V02,74193.41014584061,74194.1,82.85476919504225,82.8592,291.71898691538934,291.716,7.441898985710497,7.429,94.61859960945496,94.6179,74511.66590045077,83.32142384129547,320.1715247044519,81.47751234289558,315.08337272295114,80.97991653015534,270.96093379863015,82.7002944554058,264.2876222840678,80.19645035058399,120.75923603174206,22.129372905336535
n04_15km/n04b.map,JIR_IMG_RDR_2017033T120457_V02,73325.60645059498,73326.1,84.50631711439175,84.5101,289.83120648634645,289.827,5.261350493539033,5.2495,94.27662151470399,94.276,73483.70815653604,84.81586745146178,326.59050460321384,83.07352593305893,318.7081488701128,82.48069337957487,265.37551827486266,84.04964345063075,255.7653740327721,78.59670406392017,119.90407424169499,24.266730070777918
n04_15km/n04c.map,JIR_IMG_RDR_2017033T120527_V02,72457.84784347641,72458.2,86.12569009030217,86.1289,286.6569528773812,286.649,3.1047397780941774,3.0935,93.93766265452797,93.9371,72512.60211538665,86.16402719366171,337.9207771843747,84.59201056371074,324.532260222142,83.86365969962858,257.406132216351,85.19334567008029,243.08285689230252,76.98732792828092,119.18019220469387,26.415432758935143
n04_15km/n04d.map,JIR_IMG_RDR_2017033T120558_V02,71590.16591604873,71590.4,87.70018378461269,87.7029,279.5894683320072,279.569,0.9708265236465854,0.96019,93.6014191001134,93.6009,71595.51374457529,87.19075722278598,359.2216367664451,85.98058311266337,334.7068627428577,85.05858135317452,245.54998291218436,85.98165190506244,224.49646809708287,75.36560921483004,118.54468817303896,28.578632120083896
n04_15km/n04e.map,JIR_IMG_RDR_2017033T120628_V02,70722.59340747274,70722.7,89.10719282446153,89.1087,248.98629557261347,248.884,1.1526628737515874,1.1624,93.2675302239236,93.2671,70729.98091834153,87.50812449164297,33.045220685533025,87.0926266714637,353.94873213410256,85.92837735548513,227.89987622185805,86.21320272036368,200.9917008304243,73.72783922122781,117.97195832677548,30.760768781941298
n04_15km/n04f.map,JIR_IMG_RDR_2017033T120659_V02,69855.22107456614,69855.3,88.85811901945377,88.8567,150.05361094916898,150.004,3.2081963400728464,3.2174,92.94080040627715,92.9404,69912.33545386966,86.93217494568228,62.76756907516738,87.56521622783082,26.16041261554761,86.2685513934063,205.013146505833,85.82590383228849,179.0067994949715,72.10278388975873,117.4479309922322,32.91280565298479
n04_15km/n04g.map,JIR_IMG_RDR_2017033T120730_V02,68987.99885256271,68988.0,87.4291674493934,87.428,129.6973168398338,129.69,5.274128540758424,5.2826,92.61304539631372,92.6127,69141.57438693597,85.83021936924959,79.82261939843039,87.12091708381016,58.621272035495124,85.97999576069927,181.8930654614287,84.9715927264565,162.57355274188916,70.43974069878034,116.95508863548773,35.11615632638314
n04_15km/n04h.map,JIR_IMG_RDR_2017033T120800_V02,68120.99163118748,68121.0,85.92513436891124,85.9244,123.92187202807656,123.92,7.329696689075634,7.3374,92.28667540782799,92.2864,68415.99366705053,84.52081590562584,89.04145614280904,86.07228854591453,77.7055962322007,85.18522276546351,164.27953620435036,83.85075406807645,151.4937291584439,68.74910825750464,116.48868839498427,37.35100143427392
n04_15km/n04i.map,JIR_IMG_RDR_2017033T120831_V02,67254.35074193079,67254.4,84.4637025534811,84.4634,121.1753780879757,121.175,9.286474592164192,9.2935,91.97175365934756,91.9715,67725.26836426937,83.17387585111122,94.30553165218633,84.82606163146677,87.60846308580605,84.13356314182451,152.68785187870378,82.63200352341525,144.14431068852022,67.09509679027862,116.04792486901574,39.512417311546265
n04_15km/n04j.map,JIR_IMG_RDR_2017033T120901_V02,66387.88827006899,66388.0,82.95707192453048,82.9571,119.41811461031888,119.418,11.326963147568412,11.3336,91.64717858557482,91.6469,67084.69409637865,81.74320724877076,97.77245968797544,83.44403275559601,93.52559681565222,82.89199394419995,144.58903288605097,81.29521823052845,138.7475201335697,65.3349090712583,115.61758077620055,41.82555089131237
n04_15km/n04k.map,JIR_IMG_RDR_2017033T120932_V02,65521.815143119544,65522.0,81.47959875221245,81.4801,118.18706464971075,118.187,13.317340382430372,13.3233,91.32826115943796,91.3281,66479.87090271933,80.31680698137889,100.06121249620267,82.04326502241337,97.16095096782787,81.58834655529222,138.9830674345876,79.93643773384503,134.79824109112337,63.56555172035886,115.20249840447998,44.13238773253839
n04_15km/n04l.map,JIR_IMG_RDR_2017033T121002_V02,64656.088379778936,64656.4,79.99473965396602,79.9958,117.22470558058478,117.225,15.326754553254458,15.3318,91.00678880170759,91.0067,65918.47030691229,78.86765422195084,101.67460795170098,80.61135746432667,99.59731956745476,80.22760058509408,134.82385157976793,78.53892441243705,131.72120899839754,61.724535533814674,114.796213966594,46.526661248393694
